{"cameraMode":{"drawMode":0,"name":"Shaded","section":"Shading Mode"},"sceneLighting":true,"audioPlay":false,"sceneViewState":{"showFog":false,"showMaterialUpdate":false,"showSkybox":false,"showFlares":false,"showImageEffects":false,"showParticleSystems":true},"in2DMode":false,"pivot":{"x":0.5600000023841858,"y":1.7400000095367432,"z":-13.6899995803833},"rotation":{"x":0.3872316777706146,"y":-0.11268164217472077,"z":0.04774883762001991,"w":0.9138241410255432},"size":22.0,"orthographic":false}